{
  "log": {
        "access": "/var/log/v2ray/access.log",
        "error": "/var/log/v2ray/error.log",
        "loglevel": "warning"
    },
  "inbounds": [
    {
    "port":42739,
      "listen": "127.0.0.1",
      "tag": "vmess-in",
      "protocol": "vmess",
      "settings": {
        "clients": [
          {
          "id":"765d9c8d-070f-4df7-8161-b195e70906ce",
            "alterId": 64
          }
        ]
      },
      "streamSettings": {
        "network": "ws",
        "wsSettings": {
          "path":"/lizsvr/"
        }
      }
    },
    {
    "port":42731,
      "listen": "127.0.0.1",
      "tag": "vmess-in",
      "protocol": "vmess",
      "settings": {
        "clients": [
          {
          "id":"765d9c8d-070f-4df7-8161-b195e70906ce",
            "alterId": 64
          }
        ]
      },
      "streamSettings": {
        "network": "ws",
        "security": "none",
        "tlsSettings": {},
        "tcpSettings": {},
        "kcpSettings": {},
        "httpSettings": {},
        "wsSettings": {
          "path": "/lizsvr/",
          "headers": {
            "Host": ""
          }
        },
        "quicSettings": {}
      },
      "sniffing": {
        "enabled": true,
        "destOverride": [
          "http",
          "tls"
        ]
      }
    }
  ],
  "outbounds": [
    {
      "protocol": "freedom",
      "settings": { },
      "tag": "direct"
    },
    {
      "protocol": "blackhole",
      "settings": { },
      "tag": "blocked"
    }
  ],
  "dns": {
    "servers": [
      "https+local://1.1.1.1/dns-query",
          "1.1.1.1",
          "1.0.0.1",
          "8.8.8.8",
          "8.8.4.4",
          "localhost"
    ]
  },
  "routing": {
    "domainStrategy": "AsIs",
    "rules": [
      {
        "type": "field",
        "inboundTag": [
          "vmess-in"
        ],
        "outboundTag": "direct"
      }
    ]
  }
}